conjunto,n,Silhouette,Calinski-H,Davies-Bouldin,Inércia
Modelo Completo (100%),378969,0.28731878930068416,102168.992495561,1.187948975569918,1404022.4250695703
Treino (90%),341072,0.2893177436744604,91935.47005827406,1.1877425593806685,1263736.4148178305
Teste  (10%),37897,0.28974686043791636,10234.296860528271,1.188230626024695,140277.22548539646
